[{"data":{"id":"1602207592394835","subject":"Most Powerful Ninja Turtle?","owner_id":"28855316","conversation_id":"61672113","created_at":1602207592,"expiration":1602294300,"status":"past","options":[{"id":"1","title":"Leonardo","votes":3},{"id":"2","title":"Donatello","votes":11},{"id":"3","title":"Michelangelo","votes":1},{"id":"4","title":"Raphael","votes":1}],"last_modified":1602294494,"type":"single","visibility":"anonymous"},"user_vote":"2","user_votes":["2"]},{"data":{"id":"1601850788959351","subject":"Opinion of monopoly","owner_id":"35762170","conversation_id":"61672113","created_at":1601850788,"expiration":1601853300,"status":"past","options":[{"id":"1","title":"Yes","votes":4},{"id":"2","title":"No","votes":1},{"id":"3","title":"It’s complicated (that is, my relationship with it)","votes":10},{"id":"4","title":"My name is Daniel and I a dum dum","votes":1}],"last_modified":1601853338,"type":"single","visibility":"anonymous"},"user_vote":"1","user_votes":["1"]},{"data":{"id":"1599159923123764","subject":"When was the last time you played your horn 👀","owner_id":"24858670","conversation_id":"61672113","created_at":1599159923,"expiration":1599246900,"status":"past","options":[{"id":"1","title":"Today... duh I practice every day","votes":4},{"id":"2","title":"This week","votes":2},{"id":"3","title":"Last month","votes":7},{"id":"4","title":"2 months ago"},{"id":"5","title":"3 months ago","votes":2},{"id":"6","title":"6 months +","votes":16}],"last_modified":1599246957,"type":"single","visibility":"anonymous"},"user_vote":"6","user_votes":["6"]}]